case,bwt,gestation,parity,age,height,weight,smoke
1,120,284.0,0,27.0,62.0,100.0,0.0
2,113,282.0,0,33.0,64.0,135.0,0.0
3,128,279.0,0,28.0,64.0,115.0,1.0
4,123,,0,36.0,69.0,190.0,0.0
5,108,282.0,0,23.0,67.0,125.0,1.0
6,136,286.0,0,25.0,62.0,93.0,0.0
7,138,244.0,0,33.0,62.0,178.0,0.0
8,132,245.0,0,23.0,65.0,140.0,0.0
9,120,289.0,0,25.0,62.0,125.0,0.0
10,143,299.0,0,30.0,66.0,136.0,1.0
11,140,351.0,0,27.0,68.0,120.0,0.0
12,144,282.0,0,32.0,64.0,124.0,1.0
13,141,279.0,0,23.0,63.0,128.0,1.0
14,110,281.0,0,36.0,61.0,99.0,1.0
15,114,273.0,0,30.0,63.0,154.0,0.0
16,115,285.0,0,38.0,63.0,130.0,0.0
17,92,255.0,0,25.0,65.0,125.0,1.0
18,115,261.0,0,33.0,60.0,125.0,1.0
19,144,261.0,0,33.0,68.0,170.0,0.0
20,119,288.0,0,43.0,66.0,142.0,1.0
21,105,270.0,0,22.0,56.0,93.0,0.0
22,115,274.0,0,27.0,67.0,175.0,1.0
23,137,287.0,0,25.0,66.0,145.0,0.0
24,122,276.0,0,30.0,68.0,182.0,0.0
25,131,294.0,0,23.0,65.0,122.0,0.0
26,103,261.0,0,27.0,65.0,112.0,1.0
27,146,280.0,0,26.0,58.0,106.0,0.0
28,114,266.0,0,20.0,65.0,175.0,1.0
29,125,292.0,0,32.0,65.0,125.0,0.0
30,114,274.0,0,28.0,66.0,132.0,1.0
31,122,270.0,0,26.0,61.0,105.0,0.0
32,93,278.0,0,34.0,61.0,146.0,0.0
33,130,268.0,0,30.0,66.0,123.0,0.0
34,119,275.0,0,23.0,60.0,105.0,0.0
35,113,281.0,0,24.0,65.0,120.0,0.0
36,134,283.0,0,22.0,67.0,130.0,0.0
37,107,279.0,0,24.0,63.0,115.0,0.0
38,134,288.0,0,23.0,63.0,92.0,1.0
39,122,267.0,0,27.0,65.0,101.0,1.0
40,128,282.0,0,31.0,65.0,,0.0
41,129,293.0,0,30.0,61.0,160.0,0.0
42,110,278.0,0,23.0,63.0,177.0,0.0
43,138,302.0,0,26.0,,,1.0
44,111,270.0,0,27.0,61.0,119.0,0.0
45,87,248.0,0,37.0,65.0,130.0,1.0
46,143,274.0,0,27.0,63.0,110.0,1.0
47,155,294.0,0,32.0,66.0,150.0,0.0
48,110,272.0,0,25.0,60.0,90.0,0.0
49,122,275.0,0,26.0,66.0,147.0,0.0
50,145,291.0,0,26.0,63.0,119.0,1.0
51,115,258.0,0,26.0,62.0,130.0,0.0
52,108,283.0,0,31.0,65.0,148.0,1.0
53,102,282.0,0,28.0,61.0,110.0,0.0
54,143,286.0,0,31.0,64.0,126.0,0.0
55,146,267.0,0,30.0,67.0,132.0,0.0
56,124,275.0,0,22.0,60.0,130.0,0.0
57,124,278.0,0,26.0,70.0,145.0,1.0
58,145,257.0,0,33.0,65.0,140.0,0.0
59,106,273.0,0,28.0,60.0,116.0,0.0
60,75,232.0,0,33.0,61.0,110.0,0.0
61,107,273.0,0,24.0,61.0,96.0,0.0
62,124,288.0,0,22.0,67.0,118.0,0.0
63,122,280.0,0,23.0,65.0,125.0,1.0
64,101,245.0,0,23.0,63.0,130.0,1.0
65,128,283.0,0,28.0,63.0,125.0,1.0
66,104,282.0,0,36.0,65.0,115.0,1.0
67,97,246.0,0,37.0,63.0,150.0,0.0
68,137,274.0,0,26.0,69.0,137.0,1.0
69,103,273.0,0,31.0,63.0,170.0,1.0
70,142,276.0,0,38.0,63.0,170.0,0.0
71,130,289.0,0,27.0,66.0,130.0,0.0
72,156,292.0,0,26.0,63.0,118.0,0.0
73,133,284.0,0,25.0,66.0,125.0,1.0
74,120,274.0,0,24.0,62.0,120.0,0.0
75,91,270.0,0,24.0,60.0,149.0,1.0
76,127,274.0,0,21.0,62.0,110.0,0.0
77,153,286.0,0,26.0,63.0,107.0,1.0
78,121,276.0,0,39.0,63.0,130.0,0.0
79,120,277.0,0,27.0,63.0,126.0,0.0
80,99,272.0,0,27.0,62.0,103.0,1.0
81,149,293.0,0,35.0,65.0,116.0,0.0
82,129,280.0,0,23.0,64.0,104.0,0.0
83,139,292.0,0,25.0,68.0,135.0,0.0
84,114,274.0,0,33.0,67.0,148.0,1.0
85,138,287.0,0,30.0,66.0,145.0,0.0
86,129,274.0,0,29.0,71.0,,1.0
87,138,294.0,0,32.0,65.0,117.0,0.0
88,131,296.0,0,37.0,63.0,143.0,0.0
89,125,305.0,0,22.0,70.0,196.0,1.0
90,114,,0,24.0,67.0,113.0,1.0
91,128,281.0,0,33.0,59.0,117.0,0.0
92,134,268.0,0,28.0,62.0,112.0,0.0
93,114,271.0,0,27.0,60.0,104.0,0.0
94,92,,0,31.0,67.0,130.0,0.0
95,85,278.0,0,23.0,61.0,103.0,1.0
96,135,282.0,0,22.0,64.0,100.0,0.0
97,87,255.0,0,28.0,61.0,100.0,1.0
98,125,302.0,0,37.0,62.0,162.0,0.0
99,128,,0,35.0,62.0,110.0,0.0
100,105,254.0,0,29.0,64.0,137.0,0.0
101,120,279.0,0,27.0,60.0,121.0,1.0
102,119,274.0,0,33.0,64.0,120.0,0.0
103,116,286.0,0,24.0,61.0,,0.0
104,107,280.0,0,36.0,65.0,117.0,1.0
105,119,273.0,0,24.0,61.0,108.0,1.0
106,133,279.0,0,37.0,66.0,140.0,0.0
107,155,287.0,0,33.0,66.0,143.0,0.0
108,126,273.0,0,22.0,65.0,150.0,0.0
109,129,303.0,0,27.0,64.0,125.0,0.0
110,137,274.0,0,29.0,65.0,154.0,0.0
111,103,269.0,0,26.0,65.0,,1.0
112,125,302.0,0,28.0,65.0,125.0,0.0
113,91,255.0,0,19.0,67.0,136.0,1.0
114,134,293.0,0,21.0,65.0,,0.0
115,95,279.0,0,22.0,66.0,145.0,1.0
116,118,276.0,0,29.0,64.0,114.0,0.0
117,141,278.0,0,33.0,66.0,109.0,1.0
118,131,283.0,0,25.0,67.0,215.0,0.0
119,121,264.0,0,32.0,66.0,145.0,0.0
120,100,243.0,0,39.0,65.0,170.0,1.0
121,131,288.0,0,24.0,61.0,103.0,0.0
122,118,284.0,0,26.0,66.0,133.0,0.0
123,152,288.0,0,35.0,67.0,130.0,0.0
124,121,284.0,0,34.0,69.0,155.0,0.0
125,117,276.0,0,31.0,69.0,150.0,0.0
126,115,283.0,0,25.0,61.0,150.0,1.0
127,112,277.0,0,23.0,65.0,110.0,0.0
128,94,267.0,0,30.0,62.0,120.0,1.0
129,109,272.0,0,35.0,66.0,154.0,0.0
130,132,225.0,0,28.0,67.0,148.0,0.0
131,117,278.0,0,25.0,62.0,103.0,0.0
132,101,266.0,0,20.0,67.0,110.0,1.0
133,112,294.0,0,25.0,64.0,125.0,1.0
134,128,283.0,0,24.0,60.0,100.0,0.0
135,128,279.0,0,25.0,66.0,147.0,1.0
136,117,258.0,0,31.0,64.0,120.0,0.0
137,134,278.0,0,24.0,69.0,135.0,0.0
138,127,284.0,0,28.0,65.0,145.0,0.0
139,93,269.0,0,21.0,65.0,104.0,1.0
140,122,275.0,0,27.0,65.0,165.0,0.0
141,100,265.0,0,39.0,62.0,107.0,1.0
142,147,293.0,0,32.0,65.0,123.0,0.0
143,120,299.0,0,25.0,65.0,110.0,0.0
144,144,277.0,0,30.0,63.0,127.0,0.0
145,105,268.0,0,32.0,61.0,115.0,1.0
146,136,276.0,0,23.0,66.0,155.0,0.0
147,102,262.0,0,24.0,63.0,125.0,0.0
148,160,300.0,0,29.0,71.0,175.0,1.0
149,113,275.0,0,24.0,68.0,140.0,1.0
150,126,282.0,0,38.0,66.0,250.0,0.0
151,126,271.0,0,29.0,68.0,148.0,0.0
152,115,278.0,0,29.0,61.0,128.0,0.0
153,127,336.0,0,29.0,,,0.0
154,119,284.0,0,20.0,66.0,132.0,0.0
155,129,,0,23.0,,,1.0
156,123,318.0,0,21.0,64.0,152.0,0.0
157,118,282.0,0,22.0,68.0,135.0,1.0
158,133,287.0,0,24.0,60.0,104.0,1.0
159,105,281.0,0,39.0,61.0,,0.0
160,134,290.0,0,22.0,60.0,121.0,0.0
161,144,288.0,0,21.0,67.0,111.0,0.0
162,111,273.0,0,43.0,62.0,138.0,0.0
163,125,262.0,0,36.0,66.0,190.0,0.0
164,135,296.0,0,30.0,63.0,123.0,0.0
165,134,289.0,0,22.0,63.0,125.0,0.0
166,116,289.0,0,22.0,65.0,160.0,1.0
167,129,291.0,0,29.0,69.0,123.0,0.0
168,113,301.0,0,26.0,67.0,105.0,1.0
169,131,295.0,0,23.0,65.0,123.0,1.0
170,126,293.0,0,29.0,59.0,110.0,
171,121,272.0,0,22.0,62.0,109.0,0.0
172,121,271.0,0,25.0,68.0,118.0,1.0
173,138,287.0,0,24.0,65.0,115.0,0.0
174,136,278.0,0,23.0,61.0,105.0,0.0
175,120,279.0,0,30.0,66.0,131.0,0.0
176,122,278.0,0,31.0,72.0,155.0,1.0
177,134,267.0,0,30.0,66.0,170.0,0.0
178,101,280.0,0,25.0,65.0,123.0,1.0
179,112,288.0,0,32.0,62.0,125.0,0.0
180,132,290.0,0,25.0,64.0,120.0,0.0
181,136,285.0,0,23.0,62.0,175.0,0.0
182,113,277.0,0,23.0,65.0,192.0,1.0
183,96,271.0,0,23.0,64.0,116.0,0.0
184,124,277.0,0,29.0,63.0,220.0,0.0
185,113,306.0,0,21.0,62.0,150.0,0.0
186,131,286.0,0,34.0,,,1.0
187,137,258.0,0,25.0,63.0,117.0,0.0
188,133,268.0,0,24.0,61.0,93.0,0.0
189,107,244.0,0,20.0,58.0,97.0,0.0
190,96,265.0,0,28.0,59.0,135.0,1.0
191,142,278.0,0,35.0,66.0,136.0,1.0
192,136,275.0,0,22.0,63.0,110.0,0.0
193,75,239.0,0,26.0,63.0,124.0,1.0
194,125,302.0,0,32.0,61.0,,1.0
195,104,295.0,0,26.0,65.0,155.0,1.0
196,130,274.0,0,30.0,63.0,150.0,0.0
197,90,290.0,0,22.0,63.0,168.0,0.0
198,118,276.0,0,22.0,66.0,147.0,1.0
199,123,320.0,0,22.0,66.0,117.0,0.0
200,137,291.0,0,34.0,61.0,110.0,0.0
201,101,268.0,0,19.0,63.0,140.0,0.0
202,142,275.0,0,25.0,64.0,132.0,0.0
203,98,282.0,0,20.0,63.0,97.0,1.0
204,124,283.0,0,23.0,63.0,112.0,0.0
205,151,310.0,0,21.0,65.0,,0.0
206,109,281.0,0,23.0,61.0,105.0,0.0
207,150,285.0,0,22.0,61.0,110.0,1.0
208,119,282.0,0,26.0,68.0,150.0,1.0
209,131,280.0,0,38.0,65.0,125.0,0.0
210,101,272.0,0,29.0,63.0,150.0,1.0
211,113,246.0,0,19.0,62.0,138.0,1.0
212,127,270.0,0,25.0,62.0,150.0,0.0
213,97,260.0,0,23.0,61.0,99.0,1.0
214,117,282.0,0,28.0,64.0,115.0,0.0
215,150,290.0,0,21.0,65.0,125.0,0.0
216,85,234.0,0,33.0,67.0,130.0,0.0
217,128,288.0,0,27.0,70.0,145.0,0.0
218,105,233.0,0,34.0,61.0,130.0,0.0
219,90,269.0,0,26.0,67.0,125.0,
220,115,274.0,0,22.0,65.0,130.0,1.0
221,107,290.0,0,28.0,62.0,135.0,0.0
222,121,275.0,0,24.0,63.0,121.0,1.0
223,119,286.0,0,20.0,64.0,180.0,0.0
224,117,275.0,0,20.0,64.0,145.0,1.0
225,134,264.0,0,26.0,68.0,136.0,0.0
226,117,288.0,0,35.0,65.0,142.0,0.0
227,115,268.0,0,28.0,66.0,128.0,0.0
228,110,254.0,0,23.0,63.0,120.0,1.0
229,130,282.0,0,21.0,62.0,106.0,1.0
230,140,274.0,0,23.0,63.0,106.0,1.0
231,111,284.0,0,22.0,,,1.0
232,93,249.0,0,33.0,66.0,117.0,0.0
233,154,292.0,0,42.0,65.0,116.0,1.0
234,125,290.0,0,19.0,64.0,127.0,0.0
235,93,318.0,0,31.0,66.0,135.0,0.0
236,122,277.0,0,33.0,63.0,135.0,1.0
237,129,267.0,0,22.0,63.0,160.0,0.0
238,126,276.0,0,23.0,63.0,120.0,0.0
239,85,274.0,0,24.0,68.0,155.0,0.0
240,173,293.0,0,30.0,63.0,110.0,0.0
241,144,329.0,0,22.0,65.0,190.0,1.0
242,114,278.0,0,25.0,65.0,140.0,1.0
243,111,,0,27.0,63.0,105.0,1.0
244,154,287.0,0,27.0,65.0,125.0,1.0
245,150,274.0,0,25.0,67.0,117.0,1.0
246,111,278.0,0,21.0,62.0,125.0,0.0
247,126,277.0,0,32.0,66.0,128.0,0.0
248,122,261.0,0,28.0,65.0,124.0,0.0
249,141,282.0,0,24.0,68.0,169.0,0.0
250,142,274.0,0,24.0,63.0,125.0,0.0
251,99,262.0,0,38.0,59.0,110.0,1.0
252,113,286.0,0,23.0,63.0,105.0,0.0
253,149,282.0,0,21.0,61.0,110.0,0.0
254,117,328.0,0,29.0,65.0,125.0,1.0
255,130,274.0,0,26.0,64.0,185.0,
256,106,275.0,0,31.0,65.0,142.0,
257,128,290.0,0,22.0,64.0,118.0,0.0
258,125,286.0,0,21.0,64.0,139.0,0.0
259,114,290.0,0,30.0,66.0,160.0,0.0
260,130,285.0,0,23.0,63.0,128.0,1.0
261,116,148.0,0,28.0,66.0,135.0,0.0
262,81,256.0,0,30.0,64.0,148.0,1.0
263,124,287.0,0,27.0,62.0,105.0,1.0
264,125,292.0,0,22.0,65.0,122.0,0.0
265,110,262.0,0,25.0,66.0,140.0,0.0
266,125,279.0,0,23.0,63.0,104.0,1.0
267,138,294.0,0,40.0,64.0,125.0,0.0
268,142,284.0,0,39.0,66.0,132.0,0.0
269,115,278.0,0,23.0,60.0,102.0,1.0
270,102,280.0,0,38.0,67.0,140.0,0.0
271,140,294.0,0,25.0,61.0,103.0,0.0
272,133,276.0,1,22.0,63.0,119.0,0.0
273,127,290.0,0,35.0,66.0,165.0,0.0
274,104,274.0,1,20.0,62.0,115.0,1.0
275,119,275.0,0,42.0,67.0,156.0,1.0
276,152,301.0,0,29.0,65.0,150.0,0.0
277,123,284.0,1,20.0,65.0,120.0,1.0
278,143,273.0,0,19.0,66.0,135.0,0.0
279,131,308.0,0,40.0,65.0,160.0,0.0
280,141,319.0,1,20.0,67.0,140.0,1.0
281,129,277.0,0,30.0,66.0,142.0,1.0
282,113,282.0,1,36.0,59.0,140.0,0.0
283,119,292.0,0,33.0,62.0,118.0,1.0
284,109,295.0,1,23.0,63.0,103.0,1.0
285,104,280.0,1,27.0,68.0,146.0,1.0
286,131,282.0,1,21.0,66.0,126.0,0.0
287,110,293.0,1,28.0,64.0,135.0,1.0
288,148,279.0,0,27.0,71.0,189.0,0.0
289,137,283.0,1,20.0,65.0,157.0,0.0
290,117,283.0,0,27.0,63.0,108.0,0.0
291,115,302.0,1,22.0,67.0,135.0,0.0
292,98,280.0,0,35.0,64.0,122.0,1.0
293,136,303.0,1,20.0,68.0,148.0,1.0
294,121,276.0,1,23.0,71.0,152.0,1.0
295,132,285.0,1,25.0,63.0,140.0,0.0
296,91,264.0,0,36.0,60.0,100.0,1.0
297,119,294.0,0,34.0,59.0,105.0,0.0
298,85,273.0,0,26.0,60.0,105.0,1.0
299,106,271.0,1,26.0,61.0,110.0,1.0
300,132,284.0,0,29.0,64.0,122.0,0.0
301,80,266.0,1,25.0,62.0,125.0,0.0
302,109,286.0,0,24.0,64.0,125.0,1.0
303,111,306.0,0,27.0,61.0,102.0,0.0
304,143,292.0,1,21.0,65.0,125.0,0.0
305,136,290.0,0,26.0,66.0,135.0,0.0
306,110,285.0,1,19.0,64.0,130.0,0.0
307,98,257.0,0,29.0,66.0,130.0,1.0
308,108,305.0,1,24.0,65.0,112.0,0.0
309,101,295.0,0,18.0,62.0,145.0,1.0
310,71,281.0,0,32.0,60.0,117.0,1.0
311,124,292.0,0,29.0,68.0,176.0,1.0
312,93,256.0,0,34.0,66.0,,1.0
313,106,276.0,0,30.0,66.0,130.0,0.0
314,101,278.0,0,25.0,62.0,112.0,1.0
315,100,277.0,0,31.0,62.0,100.0,1.0
316,104,269.0,0,35.0,63.0,110.0,1.0
317,117,270.0,0,24.0,67.0,135.0,1.0
318,117,267.0,0,29.0,65.0,120.0,1.0
319,149,279.0,0,25.0,67.0,135.0,0.0
320,135,284.0,0,25.0,66.0,123.0,0.0
321,110,283.0,1,21.0,66.0,129.0,0.0
322,121,276.0,0,31.0,67.0,130.0,0.0
323,142,285.0,1,24.0,66.0,136.0,0.0
324,104,260.0,0,33.0,64.0,145.0,0.0
325,138,296.0,0,34.0,66.0,120.0,0.0
326,112,278.0,1,21.0,63.0,120.0,0.0
327,117,293.0,0,39.0,60.0,120.0,1.0
328,109,282.0,0,25.0,62.0,106.0,1.0
329,131,266.0,1,28.0,67.0,135.0,0.0
330,120,273.0,0,29.0,64.0,130.0,1.0
331,116,270.0,0,29.0,63.0,132.0,0.0
332,140,290.0,0,23.0,65.0,110.0,0.0
333,103,273.0,1,22.0,64.0,110.0,1.0
334,120,279.0,1,23.0,67.0,135.0,0.0
335,139,260.0,1,32.0,64.0,127.0,0.0
336,123,254.0,0,26.0,62.0,130.0,1.0
337,104,280.0,1,23.0,64.0,107.0,1.0
338,131,283.0,0,31.0,,,0.0
339,111,270.0,0,22.0,59.0,103.0,0.0
340,122,277.0,0,32.0,63.0,157.0,1.0
341,116,271.0,1,30.0,67.0,144.0,1.0
342,129,277.0,0,27.0,68.0,130.0,1.0
343,133,292.0,0,30.0,65.0,112.0,1.0
344,110,277.0,0,25.0,61.0,130.0,0.0
345,105,276.0,0,22.0,67.0,130.0,0.0
346,93,246.0,0,37.0,65.0,130.0,0.0
347,122,281.0,0,42.0,63.0,103.0,1.0
348,133,293.0,0,23.0,64.0,110.0,1.0
349,130,296.0,1,22.0,66.0,117.0,1.0
350,104,307.0,0,24.0,59.0,122.0,0.0
351,106,278.0,0,31.0,65.0,110.0,1.0
352,120,281.0,0,33.0,63.0,113.0,0.0
353,121,284.0,0,27.0,63.0,,1.0
354,118,276.0,1,18.0,63.0,128.0,0.0
355,140,290.0,1,19.0,67.0,132.0,1.0
356,114,268.0,0,22.0,64.0,104.0,0.0
357,116,280.0,0,40.0,62.0,159.0,0.0
358,129,284.0,0,24.0,64.0,115.0,0.0
359,120,286.0,0,22.0,62.0,115.0,1.0
360,127,281.0,0,24.0,63.0,112.0,1.0
361,107,278.0,1,27.0,,135.0,0.0
362,71,234.0,0,32.0,64.0,110.0,1.0
363,88,274.0,0,30.0,66.0,130.0,0.0
364,107,300.0,0,19.0,,,1.0
365,122,286.0,0,23.0,64.0,145.0,0.0
366,106,302.0,1,19.0,66.0,147.0,0.0
367,135,285.0,0,30.0,66.0,130.0,0.0
368,107,290.0,0,26.0,63.0,112.0,0.0
369,129,294.0,0,32.0,62.0,170.0,1.0
370,126,274.0,0,39.0,62.0,122.0,0.0
371,116,293.0,1,26.0,64.0,125.0,0.0
372,124,294.0,0,26.0,62.0,122.0,0.0
373,123,281.0,0,23.0,68.0,136.0,0.0
374,145,315.0,0,39.0,67.0,143.0,1.0
375,102,278.0,0,27.0,67.0,135.0,1.0
376,129,293.0,0,30.0,65.0,130.0,1.0
377,98,276.0,1,22.0,61.0,121.0,0.0
378,110,272.0,0,28.0,60.0,108.0,0.0
379,135,282.0,0,24.0,67.0,128.0,1.0
380,101,278.0,1,20.0,62.0,105.0,0.0
381,96,266.0,0,26.0,65.0,125.0,0.0
382,104,276.0,1,18.0,60.0,109.0,1.0
383,100,249.0,0,24.0,67.0,100.0,0.0
384,154,292.0,0,40.0,66.0,145.0,0.0
385,127,293.0,0,31.0,67.0,137.0,0.0
386,126,288.0,0,31.0,62.0,150.0,0.0
387,126,282.0,1,23.0,66.0,115.0,1.0
388,127,279.0,0,26.0,67.0,155.0,1.0
389,98,275.0,0,25.0,65.0,112.0,1.0
390,127,288.0,1,21.0,66.0,130.0,0.0
391,129,299.0,0,22.0,68.0,145.0,0.0
392,131,292.0,1,22.0,64.0,124.0,1.0
393,132,289.0,1,19.0,66.0,145.0,0.0
394,127,280.0,0,27.0,62.0,118.0,0.0
395,99,313.0,1,34.0,59.0,100.0,1.0
396,115,290.0,0,30.0,64.0,140.0,1.0
397,145,290.0,1,24.0,67.0,125.0,0.0
398,102,249.0,1,23.0,67.0,134.0,1.0
399,136,299.0,0,29.0,64.0,115.0,0.0
400,121,286.0,1,,,,0.0
401,121,282.0,0,22.0,66.0,133.0,0.0
402,120,286.0,0,25.0,62.0,105.0,0.0
403,118,261.0,0,26.0,60.0,104.0,0.0
404,127,304.0,1,26.0,62.0,105.0,0.0
405,132,281.0,1,24.0,63.0,117.0,0.0
406,102,258.0,1,22.0,65.0,135.0,0.0
407,143,279.0,0,39.0,65.0,129.0,1.0
408,118,277.0,0,25.0,62.0,120.0,0.0
409,102,286.0,1,22.0,64.0,140.0,0.0
410,163,280.0,0,35.0,69.0,139.0,0.0
411,132,294.0,0,32.0,64.0,116.0,0.0
412,116,276.0,0,33.0,61.0,180.0,0.0
413,138,288.0,1,19.0,66.0,124.0,0.0
414,139,279.0,0,20.0,64.0,143.0,0.0
415,132,298.0,1,23.0,61.0,137.0,0.0
416,87,282.0,0,27.0,63.0,104.0,1.0
417,131,297.0,0,30.0,67.0,132.0,0.0
418,130,282.0,0,26.0,67.0,147.0,1.0
419,123,290.0,0,28.0,66.0,107.0,1.0
420,115,276.0,1,18.0,63.0,110.0,0.0
421,116,272.0,0,27.0,64.0,130.0,1.0
422,119,286.0,1,20.0,67.0,130.0,0.0
423,125,279.0,1,19.0,67.0,135.0,0.0
424,144,282.0,0,33.0,66.0,155.0,1.0
425,123,269.0,0,26.0,67.0,132.0,0.0
426,120,276.0,0,23.0,66.0,114.0,0.0
427,140,251.0,0,28.0,63.0,210.0,0.0
428,120,271.0,1,17.0,64.0,142.0,1.0
429,116,272.0,0,,63.0,138.0,1.0
430,120,289.0,1,31.0,59.0,102.0,0.0
431,146,280.0,0,23.0,61.0,145.0,0.0
432,112,283.0,1,21.0,62.0,102.0,1.0
433,115,269.0,0,30.0,62.0,115.0,
434,132,278.0,0,20.0,64.0,150.0,1.0
435,146,263.0,0,39.0,53.0,110.0,1.0
436,122,275.0,0,30.0,68.0,140.0,0.0
437,128,292.0,0,32.0,66.0,130.0,0.0
438,119,277.0,0,24.0,63.0,120.0,1.0
439,135,278.0,0,27.0,66.0,148.0,0.0
440,116,315.0,0,26.0,,,0.0
441,129,235.0,0,24.0,66.0,135.0,0.0
442,116,293.0,1,28.0,62.0,108.0,0.0
443,100,275.0,0,27.0,64.0,111.0,1.0
444,118,280.0,0,27.0,,,1.0
445,138,257.0,0,38.0,67.0,138.0,0.0
446,123,282.0,0,22.0,65.0,130.0,0.0
447,113,288.0,1,21.0,61.0,120.0,0.0
448,129,280.0,1,24.0,65.0,140.0,1.0
449,122,280.0,0,24.0,67.0,127.0,1.0
450,132,281.0,1,21.0,67.0,140.0,0.0
451,120,269.0,1,40.0,63.0,130.0,0.0
452,114,283.0,1,20.0,65.0,115.0,0.0
453,130,280.0,0,29.0,66.0,135.0,0.0
454,117,286.0,0,32.0,66.0,127.0,1.0
455,142,285.0,0,33.0,63.0,124.0,0.0
456,144,273.0,0,27.0,62.0,118.0,1.0
457,127,262.0,1,32.0,64.0,125.0,0.0
458,115,270.0,0,25.0,67.0,165.0,1.0
459,85,258.0,0,41.0,67.0,137.0,0.0
460,99,274.0,0,28.0,66.0,118.0,1.0
461,123,323.0,1,17.0,64.0,140.0,0.0
462,112,281.0,1,23.0,61.0,150.0,0.0
463,68,223.0,0,32.0,66.0,149.0,1.0
464,102,283.0,1,19.0,65.0,127.0,1.0
465,109,273.0,0,37.0,65.0,138.0,1.0
466,102,267.0,1,25.0,60.0,93.0,1.0
467,99,275.0,0,23.0,61.0,125.0,1.0
468,78,256.0,1,29.0,65.0,123.0,0.0
469,128,284.0,1,19.0,66.0,111.0,1.0
470,107,303.0,1,25.0,67.0,133.0,0.0
471,136,295.0,0,23.0,64.0,147.0,0.0
472,101,278.0,0,27.0,61.0,99.0,1.0
473,100,275.0,1,25.0,64.0,125.0,0.0
474,109,272.0,0,41.0,66.0,154.0,1.0
475,117,281.0,1,21.0,70.0,141.0,1.0
476,88,252.0,1,21.0,60.0,115.0,1.0
477,95,270.0,0,35.0,65.0,135.0,1.0
478,119,280.0,1,25.0,61.0,,1.0
479,123,272.0,0,28.0,,,0.0
480,127,291.0,1,24.0,66.0,135.0,1.0
481,107,293.0,0,20.0,65.0,155.0,1.0
482,124,291.0,0,26.0,66.0,,0.0
483,126,262.0,0,37.0,66.0,135.0,1.0
484,98,278.0,0,27.0,63.0,110.0,1.0
485,96,241.0,0,23.0,64.0,130.0,1.0
486,104,282.0,0,24.0,63.0,144.0,0.0
487,133,273.0,1,33.0,63.0,135.0,0.0
488,93,267.0,0,25.0,63.0,135.0,1.0
489,101,280.0,1,24.0,65.0,123.0,1.0
490,118,277.0,0,21.0,64.0,155.0,0.0
491,130,289.0,0,21.0,61.0,130.0,1.0
492,125,288.0,0,22.0,63.0,128.0,1.0
493,140,291.0,1,19.0,65.0,122.0,0.0
494,115,290.0,1,19.0,65.0,118.0,0.0
495,130,293.0,0,26.0,63.0,123.0,0.0
496,114,277.0,1,31.0,64.0,125.0,0.0
497,105,278.0,0,21.0,64.0,120.0,0.0
498,101,289.0,1,31.0,60.0,125.0,0.0
499,132,286.0,0,26.0,67.0,122.0,1.0
500,112,252.0,0,37.0,64.0,162.0,0.0
501,69,232.0,0,31.0,59.0,103.0,1.0
502,114,264.0,0,26.0,63.0,110.0,1.0
503,123,267.0,0,29.0,63.0,111.0,1.0
504,129,284.0,1,20.0,66.0,130.0,1.0
505,114,283.0,1,15.0,64.0,117.0,1.0
506,115,290.0,0,31.0,62.0,95.0,0.0
507,98,272.0,1,35.0,64.0,129.0,0.0
508,128,283.0,0,27.0,67.0,126.0,0.0
509,119,279.0,1,20.0,,,1.0
510,119,271.0,0,28.0,64.0,175.0,1.0
511,154,288.0,0,25.0,65.0,147.0,0.0
512,127,247.0,1,21.0,63.0,140.0,0.0
513,131,263.0,0,29.0,64.0,180.0,1.0
514,129,288.0,0,28.0,59.0,102.0,0.0
515,114,286.0,1,22.0,64.0,116.0,1.0
516,110,280.0,0,29.0,62.0,110.0,1.0
517,103,268.0,0,31.0,64.0,150.0,1.0
518,117,287.0,0,20.0,65.0,115.0,1.0
519,138,282.0,0,25.0,64.0,120.0,0.0
520,126,280.0,0,24.0,66.0,147.0,1.0
521,124,271.0,0,23.0,66.0,145.0,0.0
522,111,284.0,0,34.0,62.0,110.0,0.0
523,132,282.0,0,28.0,67.0,200.0,1.0
524,103,240.0,0,26.0,65.0,140.0,0.0
525,158,285.0,0,28.0,62.0,130.0,0.0
526,146,277.0,0,32.0,,,0.0
527,101,286.0,1,21.0,64.0,117.0,1.0
528,132,290.0,0,26.0,66.0,125.0,0.0
529,114,293.0,1,20.0,66.0,180.0,1.0
530,71,277.0,0,40.0,69.0,135.0,0.0
531,116,282.0,0,19.0,64.0,120.0,0.0
532,108,271.0,0,19.0,60.0,109.0,1.0
533,123,298.0,0,25.0,64.0,113.0,1.0
534,129,289.0,0,37.0,63.0,132.0,0.0
535,134,282.0,0,24.0,62.0,110.0,0.0
536,113,298.0,0,30.0,60.0,124.0,1.0
537,123,277.0,1,20.0,65.0,160.0,0.0
538,147,277.0,0,30.0,68.0,160.0,0.0
539,121,270.0,1,20.0,62.0,103.0,0.0
540,125,284.0,1,19.0,67.0,130.0,0.0
541,115,277.0,1,25.0,66.0,128.0,0.0
542,101,289.0,0,27.0,59.0,96.0,0.0
543,93,271.0,0,30.0,65.0,127.0,1.0
544,109,275.0,0,33.0,66.0,120.0,0.0
545,115,276.0,1,23.0,60.0,106.0,0.0
546,130,293.0,1,23.0,65.0,122.0,1.0
547,123,278.0,0,21.0,61.0,89.0,0.0
548,111,300.0,0,20.0,64.0,108.0,1.0
549,97,279.0,1,24.0,64.0,138.0,1.0
550,122,292.0,1,25.0,65.0,125.0,0.0
551,124,300.0,0,28.0,63.0,95.0,0.0
552,129,276.0,0,26.0,66.0,145.0,0.0
553,124,290.0,0,26.0,59.0,140.0,0.0
554,107,280.0,0,20.0,60.0,107.0,1.0
555,142,273.0,1,22.0,62.0,125.0,0.0
556,129,287.0,1,29.0,66.0,135.0,0.0
557,174,281.0,0,37.0,67.0,155.0,0.0
558,105,264.0,0,30.0,65.0,105.0,1.0
559,103,291.0,1,26.0,63.0,102.0,0.0
560,124,285.0,1,27.0,63.0,114.0,0.0
561,105,265.0,0,43.0,65.0,124.0,0.0
562,133,275.0,0,36.0,65.0,137.0,1.0
563,161,302.0,1,22.0,70.0,170.0,1.0
564,105,260.0,0,23.0,64.0,197.0,0.0
565,108,281.0,0,41.0,66.0,171.0,0.0
566,153,297.0,0,27.0,66.0,145.0,0.0
567,133,280.0,1,25.0,61.0,130.0,0.0
568,115,269.0,0,41.0,63.0,165.0,1.0
569,127,254.0,0,27.0,67.0,146.0,1.0
570,128,271.0,0,41.0,65.0,135.0,1.0
571,117,265.0,0,40.0,68.0,134.0,1.0
572,123,274.0,0,23.0,66.0,135.0,0.0
573,119,288.0,1,22.0,64.0,132.0,1.0
574,141,284.0,1,17.0,64.0,105.0,0.0
575,91,260.0,0,26.0,62.0,110.0,1.0
576,116,291.0,0,29.0,65.0,133.0,1.0
577,116,255.0,0,24.0,65.0,132.0,0.0
578,121,273.0,0,32.0,64.0,112.0,0.0
579,111,274.0,0,36.0,67.0,159.0,0.0
580,102,257.0,0,25.0,66.0,135.0,0.0
581,118,283.0,0,24.0,65.0,150.0,0.0
582,126,294.0,1,22.0,65.0,125.0,1.0
583,98,286.0,0,31.0,62.0,105.0,1.0
584,131,288.0,1,28.0,65.0,125.0,0.0
585,115,278.0,0,21.0,60.0,113.0,0.0
586,103,281.0,1,22.0,59.0,98.0,1.0
587,147,301.0,0,26.0,65.0,130.0,0.0
588,123,308.0,1,19.0,65.0,135.0,0.0
589,125,283.0,0,22.0,65.0,119.0,0.0
590,117,270.0,0,30.0,67.0,130.0,1.0
591,99,268.0,0,29.0,71.0,150.0,0.0
592,115,283.0,0,31.0,66.0,127.0,1.0
593,116,265.0,0,36.0,63.0,120.0,0.0
594,118,297.0,0,35.0,68.0,140.0,1.0
595,170,303.0,1,21.0,64.0,129.0,0.0
596,104,270.0,0,25.0,61.0,110.0,0.0
597,108,269.0,1,20.0,62.0,114.0,0.0
598,144,289.0,1,17.0,69.0,130.0,1.0
599,99,250.0,1,26.0,66.0,115.0,0.0
600,97,263.0,1,25.0,63.0,107.0,0.0
601,142,284.0,0,37.0,68.0,155.0,
602,85,270.0,1,19.0,63.0,118.0,1.0
603,130,285.0,1,24.0,66.0,126.0,1.0
604,117,275.0,0,22.0,62.0,115.0,1.0
605,109,302.0,0,24.0,64.0,110.0,0.0
606,147,285.0,0,24.0,64.0,137.0,0.0
607,105,281.0,1,23.0,64.0,115.0,0.0
608,135,278.0,1,27.0,68.0,139.0,1.0
609,115,273.0,1,23.0,67.0,215.0,1.0
610,123,280.0,0,23.0,65.0,140.0,1.0
611,105,274.0,1,26.0,61.0,100.0,0.0
612,154,271.0,0,36.0,69.0,160.0,1.0
613,110,276.0,0,25.0,63.0,107.0,1.0
614,119,285.0,1,26.0,62.0,108.0,0.0
615,103,292.0,1,28.0,62.0,132.0,0.0
616,117,272.0,0,25.0,64.0,116.0,0.0
617,120,289.0,0,23.0,69.0,165.0,0.0
618,145,278.0,0,24.0,62.0,109.0,0.0
619,104,271.0,0,20.0,62.0,98.0,1.0
620,123,268.0,1,18.0,62.0,110.0,1.0
621,124,272.0,0,27.0,62.0,110.0,0.0
622,129,275.0,0,26.0,64.0,115.0,1.0
623,91,248.0,0,33.0,63.0,202.0,0.0
624,109,295.0,0,32.0,61.0,135.0,0.0
625,108,268.0,0,22.0,58.0,112.0,1.0
626,79,268.0,0,36.0,61.0,108.0,0.0
627,133,301.0,0,23.0,62.0,108.0,0.0
628,114,309.0,1,27.0,62.0,118.0,0.0
629,128,273.0,0,34.0,61.0,125.0,0.0
630,129,280.0,1,24.0,65.0,126.0,0.0
631,97,234.0,1,26.0,65.0,112.0,0.0
632,103,276.0,1,21.0,62.0,130.0,1.0
633,176,293.0,1,19.0,68.0,180.0,0.0
634,143,294.0,0,44.0,65.0,145.0,0.0
635,127,292.0,1,21.0,68.0,130.0,1.0
636,107,256.0,0,28.0,59.0,90.0,1.0
637,113,268.0,0,31.0,62.0,100.0,0.0
638,106,279.0,1,21.0,62.0,118.0,1.0
639,152,285.0,0,24.0,61.0,120.0,1.0
640,150,275.0,0,29.0,65.0,145.0,0.0
641,136,278.0,0,35.0,64.0,118.0,1.0
642,151,298.0,0,37.0,64.0,135.0,
643,124,279.0,0,35.0,66.0,129.0,0.0
644,123,284.0,1,18.0,64.0,112.0,1.0
645,119,288.0,0,37.0,62.0,128.0,0.0
646,122,291.0,0,40.0,64.0,155.0,0.0
647,112,250.0,0,34.0,67.0,124.0,0.0
648,93,270.0,0,25.0,64.0,125.0,1.0
649,109,271.0,0,27.0,61.0,,1.0
650,136,274.0,1,20.0,63.0,165.0,0.0
651,121,,0,31.0,68.0,132.0,0.0
652,150,292.0,0,26.0,64.0,124.0,0.0
653,94,264.0,1,26.0,64.0,135.0,0.0
654,120,280.0,0,29.0,,,1.0
655,146,306.0,0,38.0,63.0,112.0,0.0
656,129,274.0,0,19.0,65.0,101.0,1.0
657,125,292.0,0,27.0,65.0,117.0,1.0
658,124,273.0,0,21.0,63.0,115.0,0.0
659,141,282.0,0,27.0,63.0,115.0,0.0
660,96,266.0,0,33.0,67.0,135.0,1.0
661,138,297.0,0,30.0,66.0,133.0,1.0
662,127,282.0,0,28.0,67.0,134.0,0.0
663,114,251.0,0,26.0,64.0,119.0,1.0
664,103,297.0,0,31.0,64.0,125.0,0.0
665,127,288.0,1,20.0,65.0,115.0,1.0
666,141,292.0,0,29.0,62.0,110.0,
667,113,274.0,0,23.0,63.0,108.0,1.0
668,99,249.0,1,31.0,57.0,98.0,1.0
669,97,279.0,0,33.0,61.0,105.0,1.0
670,116,275.0,1,20.0,68.0,145.0,0.0
671,126,297.0,0,26.0,66.0,120.0,1.0
672,158,296.0,0,28.0,66.0,140.0,
673,119,277.0,0,28.0,66.0,130.0,1.0
674,123,283.0,0,27.0,62.0,110.0,0.0
675,129,287.0,0,24.0,60.0,107.0,0.0
676,117,256.0,0,37.0,65.0,132.0,1.0
677,100,275.0,0,26.0,60.0,115.0,0.0
678,131,274.0,0,28.0,64.0,118.0,1.0
679,146,279.0,0,27.0,64.0,124.0,0.0
680,84,267.0,0,29.0,60.0,95.0,0.0
681,115,302.0,0,28.0,64.0,116.0,0.0
682,115,281.0,0,25.0,60.0,94.0,0.0
683,118,284.0,0,28.0,70.0,145.0,1.0
684,91,292.0,1,19.0,61.0,125.0,0.0
685,112,255.0,0,39.0,60.0,115.0,0.0
686,115,316.0,1,29.0,64.0,110.0,0.0
687,110,269.0,0,38.0,61.0,102.0,0.0
688,117,277.0,0,34.0,66.0,140.0,0.0
689,109,268.0,1,29.0,65.0,120.0,1.0
690,99,267.0,0,22.0,62.0,94.0,0.0
691,131,274.0,0,27.0,62.0,160.0,1.0
692,136,291.0,1,25.0,61.0,105.0,0.0
693,130,298.0,0,20.0,62.0,120.0,0.0
694,134,296.0,0,35.0,60.0,117.0,1.0
695,128,271.0,0,29.0,65.0,126.0,1.0
696,150,286.0,0,38.0,67.0,175.0,0.0
697,86,284.0,0,39.0,65.0,174.0,1.0
698,115,278.0,0,26.0,63.0,112.0,1.0
699,141,281.0,0,28.0,,,1.0
700,78,237.0,1,23.0,63.0,144.0,0.0
701,100,295.0,1,21.0,68.0,125.0,1.0
702,116,270.0,0,25.0,68.0,169.0,0.0
703,110,271.0,1,26.0,66.0,135.0,0.0
704,109,283.0,0,34.0,64.0,120.0,0.0
705,113,259.0,0,38.0,64.0,128.0,0.0
706,136,297.0,1,23.0,66.0,135.0,0.0
707,114,,0,23.0,63.0,116.0,1.0
708,121,273.0,1,34.0,61.0,125.0,0.0
709,117,288.0,1,28.0,63.0,140.0,0.0
710,166,299.0,0,26.0,68.0,140.0,0.0
711,87,229.0,0,27.0,62.0,138.0,0.0
712,120,294.0,1,23.0,66.0,128.0,1.0
713,95,286.0,0,26.0,66.0,118.0,1.0
714,132,273.0,0,28.0,62.0,113.0,0.0
715,90,286.0,0,32.0,63.0,105.0,1.0
716,131,308.0,0,30.0,58.0,150.0,1.0
717,103,279.0,1,22.0,65.0,145.0,1.0
718,144,287.0,1,33.0,71.0,153.0,1.0
719,137,299.0,0,24.0,62.0,115.0,0.0
720,124,270.0,0,20.0,64.0,122.0,0.0
721,136,281.0,1,27.0,64.0,127.0,0.0
722,117,298.0,1,22.0,64.0,160.0,0.0
723,121,269.0,0,23.0,62.0,130.0,0.0
724,116,280.0,0,34.0,68.0,198.0,0.0
725,139,275.0,0,33.0,62.0,118.0,0.0
726,110,280.0,0,39.0,67.0,125.0,0.0
727,86,242.0,0,20.0,64.0,110.0,1.0
728,133,287.0,0,20.0,65.0,165.0,0.0
729,81,254.0,0,23.0,62.0,157.0,0.0
730,133,281.0,0,33.0,63.0,120.0,0.0
731,132,284.0,1,20.0,66.0,140.0,0.0
732,132,287.0,0,29.0,64.0,148.0,0.0
733,137,274.0,0,27.0,64.0,126.0,0.0
734,84,279.0,0,34.0,63.0,190.0,0.0
735,136,279.0,0,30.0,69.0,130.0,1.0
736,92,270.0,0,34.0,62.0,100.0,1.0
737,114,298.0,1,28.0,67.0,114.0,0.0
738,129,274.0,0,33.0,69.0,136.0,1.0
739,167,288.0,1,19.0,63.0,117.0,0.0
740,71,,0,19.0,64.0,120.0,0.0
741,124,282.0,1,22.0,65.0,118.0,0.0
742,105,269.0,0,27.0,62.0,100.0,1.0
743,155,283.0,1,19.0,70.0,137.0,0.0
744,125,279.0,1,21.0,66.0,126.0,0.0
745,125,266.0,0,21.0,62.0,120.0,1.0
746,125,283.0,1,22.0,59.0,96.0,0.0
747,115,315.0,1,22.0,62.0,110.0,0.0
748,174,288.0,0,25.0,61.0,182.0,0.0
749,127,290.0,0,35.0,66.0,122.0,0.0
750,113,262.0,0,24.0,60.0,105.0,0.0
751,115,273.0,0,22.0,66.0,130.0,1.0
752,139,277.0,0,35.0,63.0,140.0,0.0
753,127,275.0,0,26.0,62.0,125.0,0.0
754,111,289.0,0,26.0,,,1.0
755,112,272.0,0,26.0,60.0,98.0,0.0
756,143,285.0,0,30.0,64.0,135.0,1.0
757,116,286.0,1,22.0,58.0,105.0,1.0
758,155,279.0,0,33.0,61.0,125.0,0.0
759,121,290.0,0,31.0,64.0,127.0,0.0
760,110,282.0,1,21.0,66.0,125.0,1.0
761,87,277.0,0,31.0,62.0,120.0,1.0
762,132,330.0,0,34.0,64.0,130.0,1.0
763,105,261.0,0,32.0,,,1.0
764,129,277.0,0,24.0,68.0,142.0,0.0
765,123,280.0,0,20.0,62.0,105.0,1.0
766,91,279.0,1,27.0,62.0,118.0,0.0
767,147,286.0,0,30.0,68.0,147.0,0.0
768,144,289.0,0,20.0,62.0,106.0,0.0
769,128,292.0,0,30.0,64.0,127.0,0.0
770,137,318.0,1,19.0,64.0,110.0,0.0
771,104,289.0,0,24.0,60.0,104.0,1.0
772,120,271.0,0,32.0,63.0,130.0,0.0
773,112,277.0,1,23.0,64.0,118.0,0.0
774,138,286.0,0,26.0,63.0,111.0,0.0
775,96,280.0,0,27.0,63.0,105.0,1.0
776,134,285.0,0,35.0,62.0,134.0,0.0
777,126,285.0,0,24.0,64.0,140.0,0.0
778,112,300.0,0,29.0,62.0,121.0,0.0
779,138,313.0,1,27.0,65.0,111.0,0.0
780,110,275.0,0,25.0,63.0,120.0,0.0
781,83,253.0,0,29.0,63.0,110.0,1.0
782,112,288.0,1,20.0,62.0,110.0,0.0
783,148,286.0,0,38.0,68.0,160.0,0.0
784,119,300.0,1,34.0,63.0,124.0,0.0
785,86,246.0,0,25.0,64.0,113.0,1.0
786,110,269.0,0,38.0,63.0,145.0,1.0
787,126,282.0,0,23.0,61.0,120.0,0.0
788,125,272.0,0,30.0,60.0,96.0,0.0
789,136,252.0,0,27.0,63.0,130.0,0.0
790,127,283.0,1,29.0,64.0,119.0,0.0
791,84,272.0,0,25.0,64.0,150.0,1.0
792,131,278.0,0,22.0,66.0,124.0,0.0
793,123,286.0,1,21.0,67.0,130.0,1.0
794,96,282.0,1,30.0,68.0,127.0,1.0
795,110,286.0,0,26.0,62.0,100.0,0.0
796,123,282.0,0,29.0,68.0,164.0,0.0
797,152,286.0,1,19.0,67.0,135.0,0.0
798,127,288.0,0,28.0,65.0,155.0,0.0
799,117,269.0,1,21.0,64.0,149.0,1.0
800,125,277.0,0,29.0,66.0,139.0,1.0
801,139,273.0,0,29.0,68.0,130.0,0.0
802,114,280.0,0,31.0,66.0,134.0,1.0
803,96,280.0,1,34.0,62.0,127.0,1.0
804,124,289.0,0,29.0,63.0,110.0,0.0
805,107,272.0,0,30.0,64.0,140.0,1.0
806,113,277.0,0,38.0,64.0,108.0,0.0
807,98,292.0,1,20.0,65.0,124.0,1.0
808,119,285.0,1,28.0,65.0,127.0,0.0
809,107,268.0,0,37.0,58.0,112.0,1.0
810,117,255.0,0,26.0,61.0,120.0,0.0
811,117,305.0,0,24.0,64.0,155.0,0.0
812,144,276.0,0,23.0,67.0,129.0,1.0
813,136,268.0,0,30.0,63.0,132.0,1.0
814,121,278.0,0,28.0,69.0,132.0,0.0
815,165,282.0,0,29.0,66.0,145.0,0.0
816,120,279.0,0,38.0,64.0,124.0,0.0
817,125,280.0,0,30.0,65.0,130.0,1.0
818,137,285.0,0,29.0,65.0,110.0,0.0
819,100,288.0,1,28.0,61.0,108.0,1.0
820,134,284.0,0,28.0,62.0,112.0,0.0
821,88,262.0,0,20.0,65.0,118.0,1.0
822,108,291.0,0,39.0,65.0,135.0,0.0
823,123,271.0,0,41.0,64.0,162.0,0.0
824,141,277.0,0,38.0,66.0,162.0,0.0
825,130,270.0,1,19.0,66.0,130.0,0.0
826,139,299.0,1,20.0,67.0,112.0,0.0
827,130,283.0,0,32.0,65.0,118.0,0.0
828,113,289.0,1,26.0,59.0,91.0,0.0
829,77,238.0,1,23.0,63.0,103.0,1.0
830,62,228.0,0,24.0,61.0,107.0,0.0
831,93,245.0,0,33.0,61.0,100.0,1.0
832,109,275.0,1,37.0,63.0,112.0,1.0
833,145,283.0,0,27.0,65.0,125.0,1.0
834,92,224.0,0,19.0,63.0,134.0,1.0
835,120,281.0,0,26.0,61.0,115.0,0.0
836,135,284.0,0,39.0,67.0,141.0,0.0
837,113,287.0,0,36.0,63.0,118.0,0.0
838,126,251.0,1,28.0,64.0,123.0,0.0
839,143,270.0,1,27.0,70.0,148.0,0.0
840,128,282.0,1,25.0,64.0,125.0,0.0
841,98,262.0,0,22.0,67.0,120.0,0.0
842,110,306.0,1,32.0,61.0,122.0,0.0
843,162,284.0,0,27.0,64.0,126.0,0.0
844,116,292.0,1,20.0,65.0,118.0,0.0
845,128,284.0,0,23.0,62.0,110.0,0.0
846,111,275.0,1,18.0,61.0,108.0,1.0
847,137,280.0,0,34.0,60.0,107.0,0.0
848,134,278.0,0,28.0,,126.0,1.0
849,100,264.0,0,29.0,64.0,120.0,1.0
850,160,271.0,0,32.0,67.0,215.0,0.0
851,112,267.0,1,22.0,62.0,138.0,0.0
852,134,297.0,0,27.0,67.0,170.0,1.0
853,145,308.0,0,35.0,64.0,110.0,1.0
854,116,295.0,0,32.0,65.0,120.0,0.0
855,126,278.0,0,26.0,64.0,150.0,1.0
856,111,285.0,0,29.0,65.0,130.0,0.0
857,126,282.0,0,33.0,62.0,117.0,0.0
858,109,291.0,0,39.0,64.0,107.0,0.0
859,136,291.0,0,41.0,66.0,191.0,0.0
860,119,286.0,0,22.0,63.0,185.0,1.0
861,103,267.0,1,21.0,66.0,150.0,1.0
862,124,284.0,1,17.0,62.0,112.0,0.0
863,155,286.0,0,31.0,66.0,127.0,0.0
864,122,282.0,1,21.0,66.0,110.0,0.0
865,113,285.0,0,26.0,66.0,140.0,0.0
866,122,273.0,0,26.0,66.0,210.0,0.0
867,126,293.0,1,27.0,62.0,111.0,0.0
868,116,277.0,0,41.0,64.0,124.0,1.0
869,102,294.0,0,21.0,65.0,130.0,1.0
870,110,181.0,0,27.0,64.0,133.0,0.0
871,133,285.0,1,30.0,64.0,160.0,0.0
872,125,283.0,0,29.0,65.0,125.0,0.0
873,164,286.0,1,32.0,66.0,143.0,0.0
874,133,297.0,0,36.0,61.0,125.0,0.0
875,135,300.0,0,25.0,64.0,,0.0
876,124,293.0,1,19.0,65.0,150.0,0.0
877,122,306.0,1,22.0,62.0,100.0,0.0
878,121,271.0,1,34.0,63.0,129.0,1.0
879,100,272.0,0,30.0,64.0,150.0,1.0
880,129,,1,19.0,61.0,110.0,0.0
881,90,266.0,1,26.0,67.0,135.0,0.0
882,128,272.0,1,18.0,67.0,109.0,0.0
883,116,280.0,1,22.0,59.0,,1.0
884,86,276.0,1,23.0,65.0,125.0,1.0
885,123,282.0,0,30.0,63.0,118.0,0.0
886,87,275.0,0,28.0,63.0,110.0,1.0
887,128,291.0,1,27.0,63.0,132.0,0.0
888,120,288.0,0,28.0,63.0,125.0,0.0
889,125,301.0,1,35.0,68.0,181.0,0.0
890,118,265.0,0,27.0,61.0,123.0,0.0
891,116,284.0,1,24.0,66.0,117.0,0.0
892,131,262.0,0,22.0,67.0,135.0,0.0
893,151,286.0,1,22.0,66.0,130.0,0.0
894,88,273.0,0,20.0,66.0,110.0,1.0
895,137,284.0,0,30.0,67.0,110.0,0.0
896,127,289.0,0,23.0,67.0,140.0,0.0
897,96,278.0,1,18.0,60.0,120.0,1.0
898,129,281.0,0,31.0,67.0,155.0,0.0
899,128,288.0,1,26.0,65.0,114.0,0.0
900,85,255.0,0,24.0,68.0,159.0,0.0
901,111,281.0,1,27.0,64.0,112.0,0.0
902,124,275.0,0,28.0,61.0,116.0,0.0
903,112,292.0,1,28.0,62.0,110.0,1.0
904,115,281.0,0,28.0,61.0,128.0,1.0
905,72,271.0,0,39.0,61.0,136.0,0.0
906,122,281.0,1,24.0,65.0,137.0,1.0
907,116,291.0,0,26.0,66.0,153.0,0.0
908,127,272.0,0,20.0,64.0,130.0,1.0
909,90,266.0,0,23.0,61.0,99.0,1.0
910,99,273.0,1,27.0,59.0,115.0,0.0
911,144,307.0,1,26.0,66.0,125.0,0.0
912,138,280.0,1,30.0,65.0,175.0,0.0
913,58,245.0,0,34.0,64.0,156.0,1.0
914,109,265.0,1,24.0,63.0,107.0,1.0
915,110,277.0,1,19.0,62.0,160.0,0.0
916,129,278.0,0,27.0,63.0,128.0,0.0
917,150,284.0,0,40.0,67.0,130.0,0.0
918,128,279.0,0,27.0,66.0,135.0,0.0
919,142,284.0,1,31.0,66.0,137.0,1.0
920,115,268.0,1,31.0,64.0,125.0,0.0
921,108,274.0,0,28.0,66.0,175.0,
922,108,283.0,0,35.0,62.0,108.0,0.0
923,139,281.0,0,27.0,63.0,137.0,0.0
924,115,275.0,0,25.0,61.0,155.0,1.0
925,136,288.0,0,23.0,62.0,217.0,0.0
926,163,289.0,1,25.0,64.0,126.0,1.0
927,131,285.0,0,26.0,64.0,130.0,0.0
928,77,238.0,0,38.0,67.0,135.0,1.0
929,124,283.0,1,33.0,67.0,156.0,1.0
930,104,270.0,1,26.0,62.0,115.0,0.0
931,102,267.0,1,24.0,61.0,109.0,1.0
932,94,268.0,0,30.0,62.0,105.0,1.0
933,158,295.0,1,37.0,70.0,137.0,0.0
934,112,275.0,1,21.0,68.0,143.0,1.0
935,119,286.0,0,26.0,64.0,123.0,1.0
936,97,279.0,0,29.0,68.0,178.0,1.0
937,99,252.0,0,21.0,64.0,120.0,0.0
938,115,264.0,1,23.0,67.0,134.0,1.0
939,139,284.0,0,37.0,61.0,121.0,0.0
940,144,304.0,1,27.0,58.0,102.0,1.0
941,99,270.0,0,22.0,63.0,115.0,1.0
942,105,280.0,1,22.0,63.0,116.0,0.0
943,89,275.0,0,34.0,66.0,170.0,0.0
944,129,270.0,0,43.0,67.0,160.0,0.0
945,119,270.0,1,20.0,64.0,109.0,0.0
946,114,291.0,0,35.0,60.0,112.0,0.0
947,106,289.0,0,28.0,67.0,120.0,1.0
948,122,292.0,1,34.0,65.0,133.0,0.0
949,136,261.0,0,24.0,65.0,110.0,0.0
950,121,286.0,1,22.0,69.0,130.0,1.0
951,112,282.0,0,26.0,65.0,122.0,0.0
952,112,266.0,0,26.0,64.0,122.0,0.0
953,123,314.0,0,22.0,61.0,121.0,1.0
954,139,286.0,0,33.0,65.0,125.0,1.0
955,125,290.0,0,36.0,59.0,105.0,0.0
956,105,295.0,1,20.0,64.0,112.0,1.0
957,130,276.0,0,41.0,68.0,130.0,0.0
958,146,294.0,0,22.0,66.0,145.0,1.0
959,133,290.0,0,21.0,64.0,145.0,0.0
960,147,296.0,1,19.0,67.0,124.0,0.0
961,109,269.0,0,23.0,63.0,113.0,0.0
962,122,286.0,0,23.0,64.0,120.0,1.0
963,135,260.0,0,43.0,65.0,135.0,0.0
964,107,,0,19.0,60.0,118.0,0.0
965,117,272.0,0,32.0,66.0,118.0,0.0
966,138,284.0,0,30.0,66.0,133.0,1.0
967,120,283.0,0,28.0,64.0,122.0,1.0
968,119,273.0,0,35.0,65.0,125.0,1.0
969,118,278.0,1,19.0,62.0,126.0,0.0
970,105,330.0,0,23.0,64.0,112.0,1.0
971,113,306.0,1,21.0,65.0,137.0,0.0
972,136,,0,36.0,66.0,135.0,0.0
973,148,291.0,1,21.0,63.0,115.0,0.0
974,140,281.0,1,22.0,69.0,135.0,0.0
975,134,287.0,1,33.0,67.0,131.0,0.0
976,120,280.0,0,31.0,61.0,111.0,0.0
977,123,296.0,1,26.0,64.0,110.0,1.0
978,102,275.0,0,43.0,64.0,160.0,0.0
979,55,204.0,0,35.0,65.0,140.0,0.0
980,103,276.0,1,19.0,63.0,149.0,1.0
981,123,283.0,0,21.0,65.0,110.0,0.0
982,105,270.0,1,27.0,65.0,134.0,1.0
983,138,289.0,0,33.0,65.0,155.0,0.0
984,128,281.0,0,28.0,63.0,150.0,0.0
985,139,285.0,0,30.0,65.0,129.0,1.0
986,104,288.0,1,27.0,61.0,122.0,1.0
987,159,296.0,1,27.0,64.0,112.0,0.0
988,118,276.0,0,29.0,62.0,130.0,1.0
989,99,285.0,0,25.0,69.0,128.0,1.0
990,144,281.0,0,20.0,63.0,120.0,0.0
991,121,270.0,0,25.0,62.0,108.0,1.0
992,117,265.0,1,24.0,66.0,98.0,0.0
993,119,293.0,1,23.0,65.0,127.0,0.0
994,105,281.0,1,19.0,61.0,130.0,0.0
995,125,283.0,0,37.0,63.0,145.0,1.0
996,119,259.0,0,37.0,62.0,130.0,0.0
997,101,273.0,0,39.0,60.0,113.0,0.0
998,105,277.0,1,25.0,64.0,156.0,0.0
999,110,281.0,0,27.0,60.0,110.0,0.0
1000,100,270.0,1,21.0,65.0,132.0,1.0
1001,98,284.0,0,29.0,68.0,140.0,0.0
1002,127,276.0,0,37.0,64.0,159.0,0.0
1003,117,324.0,0,22.0,62.0,164.0,1.0
1004,122,278.0,0,37.0,68.0,114.0,0.0
1005,122,273.0,1,23.0,64.0,130.0,1.0
1006,118,281.0,1,36.0,66.0,140.0,1.0
1007,137,303.0,1,23.0,66.0,127.0,1.0
1008,120,275.0,0,32.0,63.0,115.0,1.0
1009,143,285.0,0,27.0,68.0,185.0,0.0
1010,108,270.0,0,29.0,67.0,124.0,1.0
1011,131,284.0,1,19.0,61.0,114.0,1.0
1012,110,277.0,0,36.0,61.0,116.0,0.0
1013,105,276.0,0,20.0,62.0,112.0,1.0
1014,133,274.0,0,30.0,63.0,,0.0
1015,125,255.0,0,23.0,63.0,133.0,0.0
1016,78,258.0,1,24.0,66.0,115.0,1.0
1017,114,289.0,0,36.0,60.0,115.0,0.0
1018,111,278.0,0,29.0,65.0,145.0,1.0
1019,103,250.0,0,40.0,59.0,140.0,0.0
1020,114,276.0,0,26.0,62.0,127.0,0.0
1021,75,247.0,0,36.0,64.0,120.0,1.0
1022,169,296.0,0,33.0,67.0,185.0,0.0
1023,94,271.0,0,36.0,61.0,130.0,1.0
1024,150,287.0,0,36.0,62.0,135.0,0.0
1025,144,248.0,0,30.0,70.0,145.0,0.0
1026,144,291.0,0,28.0,67.0,130.0,0.0
1027,143,313.0,0,20.0,68.0,150.0,0.0
1028,145,304.0,1,25.0,63.0,109.0,1.0
1029,121,285.0,0,34.0,64.0,110.0,0.0
1030,105,256.0,0,31.0,66.0,142.0,0.0
1031,134,286.0,0,25.0,64.0,125.0,0.0
1032,129,294.0,1,21.0,65.0,132.0,0.0
1033,114,276.0,0,24.0,63.0,110.0,0.0
1034,97,265.0,0,30.0,61.0,110.0,0.0
1035,160,292.0,0,28.0,64.0,120.0,0.0
1036,65,237.0,0,31.0,67.0,130.0,0.0
1037,145,288.0,0,28.0,64.0,116.0,0.0
1038,95,273.0,0,23.0,60.0,90.0,0.0
1039,139,293.0,1,21.0,69.0,130.0,0.0
1040,123,288.0,0,27.0,63.0,125.0,0.0
1041,109,283.0,0,23.0,65.0,112.0,1.0
1042,110,268.0,0,34.0,64.0,127.0,0.0
1043,122,296.0,1,24.0,65.0,132.0,0.0
1044,115,307.0,0,34.0,65.0,128.0,1.0
1045,117,323.0,0,26.0,62.0,,0.0
1046,108,279.0,1,19.0,64.0,115.0,0.0
1047,120,287.0,0,23.0,67.0,116.0,1.0
1048,131,269.0,0,36.0,68.0,145.0,0.0
1049,136,283.0,1,24.0,63.0,119.0,0.0
1050,125,290.0,0,32.0,63.0,135.0,0.0
1051,96,285.0,1,20.0,66.0,117.0,1.0
1052,102,282.0,1,29.0,65.0,125.0,1.0
1053,102,288.0,1,18.0,65.0,117.0,0.0
1054,112,277.0,1,22.0,67.0,120.0,0.0
1055,135,272.0,0,30.0,65.0,130.0,0.0
1056,91,266.0,0,23.0,60.0,120.0,1.0
1057,129,276.0,0,31.0,63.0,125.0,0.0
1058,155,290.0,0,26.0,66.0,129.0,1.0
1059,109,274.0,0,33.0,69.0,144.0,1.0
1060,80,262.0,1,31.0,61.0,100.0,1.0
1061,125,273.0,0,30.0,64.0,145.0,0.0
1062,94,284.0,0,24.0,63.0,104.0,1.0
1063,148,281.0,0,27.0,63.0,110.0,1.0
1064,73,277.0,0,29.0,65.0,145.0,0.0
1065,123,267.0,1,19.0,66.0,132.0,1.0
1066,65,232.0,0,24.0,66.0,125.0,1.0
1067,118,279.0,1,21.0,64.0,108.0,0.0
1068,102,283.0,0,39.0,60.0,119.0,0.0
1069,120,280.0,0,24.0,61.0,118.0,0.0
1070,108,270.0,1,21.0,65.0,130.0,1.0
1071,122,280.0,1,45.0,62.0,128.0,0.0
1072,103,268.0,0,32.0,62.0,97.0,1.0
1073,105,312.0,0,41.0,61.0,115.0,1.0
1074,126,273.0,1,25.0,68.0,135.0,0.0
1075,145,316.0,0,22.0,67.0,142.0,0.0
1076,139,293.0,0,34.0,66.0,131.0,0.0
1077,124,290.0,0,26.0,65.0,165.0,0.0
1078,121,282.0,0,30.0,65.0,122.0,0.0
1079,126,299.0,1,21.0,60.0,114.0,0.0
1080,119,286.0,1,33.0,67.0,137.0,0.0
1081,114,277.0,1,19.0,63.0,107.0,0.0
1082,118,272.0,0,23.0,64.0,113.0,0.0
1083,127,295.0,0,36.0,65.0,145.0,0.0
1084,117,290.0,1,22.0,67.0,110.0,0.0
1085,137,277.0,0,41.0,65.0,126.0,0.0
1086,133,292.0,0,29.0,65.0,135.0,0.0
1087,100,264.0,0,28.0,60.0,111.0,1.0
1088,107,273.0,1,26.0,65.0,135.0,0.0
1089,115,276.0,1,20.0,62.0,105.0,1.0
1090,91,292.0,1,26.0,61.0,113.0,1.0
1091,112,287.0,0,27.0,64.0,110.0,1.0
1092,125,289.0,1,31.0,61.0,120.0,0.0
1093,157,291.0,0,33.0,65.0,121.0,0.0
1094,108,256.0,1,26.0,67.0,130.0,0.0
1095,130,279.0,0,31.0,62.0,122.0,0.0
1096,135,289.0,0,25.0,64.0,127.0,0.0
1097,123,277.0,0,24.0,66.0,122.0,0.0
1098,100,281.0,0,24.0,61.0,115.0,0.0
1099,124,277.0,1,23.0,64.0,104.0,0.0
1100,174,284.0,0,39.0,65.0,163.0,0.0
1101,129,278.0,0,26.0,67.0,146.0,0.0
1102,119,275.0,0,27.0,59.0,113.0,1.0
1103,126,272.0,1,35.0,61.0,120.0,1.0
1104,128,267.0,0,37.0,61.0,142.0,0.0
1105,116,282.0,1,19.0,64.0,124.0,0.0
1106,100,285.0,0,18.0,68.0,127.0,1.0
1107,96,285.0,0,37.0,66.0,135.0,1.0
1108,131,279.0,1,20.0,68.0,122.0,1.0
1109,110,292.0,0,35.0,62.0,127.0,0.0
1110,108,278.0,0,28.0,63.0,125.0,1.0
1111,129,275.0,0,24.0,65.0,135.0,0.0
1112,141,285.0,0,23.0,67.0,150.0,0.0
1113,110,276.0,0,31.0,70.0,155.0,0.0
1114,118,273.0,0,21.0,63.0,120.0,0.0
1115,111,267.0,1,24.0,60.0,115.0,0.0
1116,160,297.0,0,20.0,68.0,136.0,0.0
1117,120,280.0,0,30.0,60.0,115.0,0.0
1118,121,281.0,0,29.0,63.0,108.0,0.0
1119,113,282.0,0,30.0,64.0,118.0,1.0
1120,117,270.0,0,23.0,58.0,115.0,0.0
1121,158,267.0,0,35.0,64.0,125.0,0.0
1122,128,277.0,0,39.0,61.0,120.0,0.0
1123,158,289.0,0,30.0,66.0,140.0,0.0
1124,133,289.0,0,22.0,65.0,123.0,1.0
1125,163,298.0,0,37.0,61.0,98.0,0.0
1126,128,282.0,1,19.0,66.0,118.0,0.0
1127,126,271.0,1,21.0,60.0,105.0,0.0
1128,127,283.0,0,42.0,62.0,154.0,1.0
1129,134,287.0,0,40.0,63.0,118.0,0.0
1130,140,274.0,0,41.0,63.0,122.0,0.0
1131,102,285.0,0,29.0,63.0,117.0,1.0
1132,100,252.0,0,24.0,61.0,150.0,0.0
1133,120,295.0,0,29.0,59.0,100.0,1.0
1134,98,279.0,1,18.0,65.0,115.0,1.0
1135,130,246.0,0,19.0,62.0,118.0,0.0
1136,104,280.0,0,41.0,63.0,118.0,1.0
1137,122,285.0,0,31.0,62.0,102.0,1.0
1138,137,276.0,1,25.0,64.0,127.0,0.0
1139,114,285.0,1,20.0,61.0,104.0,0.0
1140,63,236.0,1,24.0,58.0,99.0,0.0
1141,98,318.0,0,23.0,63.0,107.0,0.0
1142,99,268.0,0,32.0,63.0,124.0,1.0
1143,89,238.0,1,26.0,64.0,136.0,0.0
1144,117,283.0,0,22.0,65.0,142.0,1.0
1145,143,281.0,0,29.0,67.0,132.0,0.0
1146,106,279.0,0,29.0,63.0,125.0,1.0
1147,99,246.0,0,35.0,62.0,106.0,0.0
1148,156,300.0,0,27.0,65.0,120.0,1.0
1149,72,266.0,1,25.0,66.0,200.0,1.0
1150,75,266.0,0,37.0,61.0,113.0,1.0
1151,97,285.0,0,35.0,61.0,112.0,1.0
1152,106,264.0,0,41.0,64.0,114.0,0.0
1153,91,225.0,0,18.0,68.0,117.0,1.0
1154,117,269.0,1,28.0,61.0,99.0,0.0
1155,117,284.0,0,25.0,66.0,177.0,1.0
1156,112,291.0,0,23.0,66.0,145.0,0.0
1157,112,270.0,0,29.0,61.0,124.0,0.0
1158,141,293.0,0,28.0,61.0,125.0,0.0
1159,131,259.0,0,19.0,63.0,134.0,0.0
1160,130,290.0,0,19.0,65.0,123.0,1.0
1161,132,270.0,0,26.0,67.0,140.0,0.0
1162,114,265.0,0,23.0,67.0,130.0,1.0
1163,160,291.0,0,34.0,64.0,110.0,1.0
1164,106,283.0,0,24.0,63.0,119.0,0.0
1165,84,260.0,1,20.0,64.0,104.0,1.0
1166,112,268.0,1,25.0,59.0,103.0,0.0
1167,139,311.0,0,37.0,66.0,135.0,0.0
1168,104,267.0,0,30.0,63.0,180.0,0.0
1169,130,294.0,0,32.0,63.0,110.0,1.0
1170,71,254.0,0,19.0,61.0,145.0,1.0
1171,82,270.0,0,21.0,65.0,150.0,1.0
1172,119,280.0,1,21.0,64.0,128.0,0.0
1173,123,353.0,0,26.0,63.0,115.0,0.0
1174,115,278.0,0,27.0,59.0,95.0,0.0
1175,124,289.0,1,21.0,67.0,145.0,1.0
1176,138,292.0,0,25.0,65.0,130.0,1.0
1177,88,276.0,0,25.0,63.0,103.0,1.0
1178,146,305.0,0,23.0,,,0.0
1179,128,241.0,1,17.0,64.0,126.0,0.0
1180,82,274.0,0,31.0,64.0,101.0,1.0
1181,100,274.0,0,24.0,63.0,113.0,0.0
1182,114,271.0,0,32.0,61.0,130.0,0.0
1183,97,269.0,0,20.0,65.0,137.0,1.0
1184,126,298.0,0,24.0,61.0,112.0,0.0
1185,122,275.0,1,20.0,65.0,127.0,0.0
1186,152,295.0,0,39.0,62.0,140.0,0.0
1187,116,274.0,0,21.0,62.0,110.0,1.0
1188,132,302.0,0,36.0,63.0,145.0,1.0
1189,84,260.0,1,37.0,66.0,140.0,0.0
1190,119,277.0,1,18.0,61.0,89.0,1.0
1191,104,275.0,0,24.0,,,0.0
1192,106,312.0,0,24.0,62.0,135.0,1.0
1193,124,,1,39.0,65.0,228.0,0.0
1194,139,291.0,0,24.0,65.0,160.0,0.0
1195,103,273.0,0,36.0,65.0,158.0,1.0
1196,112,299.0,0,24.0,67.0,145.0,1.0
1197,96,276.0,0,33.0,64.0,127.0,1.0
1198,102,281.0,1,19.0,67.0,135.0,1.0
1199,120,300.0,0,34.0,63.0,150.0,1.0
1200,102,338.0,0,19.0,64.0,170.0,0.0
1201,97,255.0,1,22.0,63.0,107.0,1.0
1202,113,285.0,0,22.0,70.0,145.0,0.0
1203,130,297.0,0,32.0,58.0,130.0,0.0
1204,97,260.0,1,25.0,63.0,115.0,1.0
1205,116,273.0,0,31.0,61.0,120.0,0.0
1206,114,266.0,0,29.0,64.0,113.0,0.0
1207,127,242.0,0,17.0,61.0,135.0,1.0
1208,87,247.0,1,18.0,66.0,125.0,1.0
1209,141,281.0,0,29.0,54.0,156.0,1.0
1210,144,283.0,1,25.0,66.0,140.0,0.0
1211,116,273.0,0,33.0,66.0,130.0,1.0
1212,75,265.0,0,21.0,65.0,103.0,1.0
1213,138,286.0,1,28.0,68.0,120.0,0.0
1214,99,271.0,0,39.0,69.0,151.0,0.0
1215,118,293.0,0,21.0,63.0,103.0,0.0
1216,152,267.0,0,28.0,,119.0,1.0
1217,97,266.0,0,24.0,62.0,109.0,0.0
1218,146,319.0,0,28.0,66.0,145.0,0.0
1219,81,285.0,0,19.0,63.0,150.0,1.0
1220,110,321.0,0,28.0,66.0,180.0,0.0
1221,135,284.0,1,19.0,60.0,95.0,0.0
1222,114,290.0,1,21.0,65.0,120.0,1.0
1223,124,288.0,1,21.0,64.0,116.0,1.0
1224,115,262.0,1,23.0,64.0,136.0,1.0
1225,143,281.0,0,28.0,65.0,135.0,1.0
1226,113,287.0,1,29.0,70.0,145.0,1.0
1227,109,244.0,1,21.0,63.0,102.0,1.0
1228,103,278.0,0,30.0,60.0,87.0,1.0
1229,118,276.0,0,34.0,64.0,116.0,0.0
1230,127,290.0,0,27.0,65.0,121.0,0.0
1231,132,270.0,0,27.0,65.0,126.0,0.0
1232,113,275.0,1,27.0,60.0,100.0,0.0
1233,128,265.0,0,24.0,67.0,120.0,0.0
1234,130,291.0,0,30.0,65.0,150.0,1.0
1235,125,281.0,1,21.0,65.0,110.0,0.0
1236,117,297.0,0,38.0,65.0,129.0,0.0
